ID,Latitude,Longitude,poids_dechets
436363519,14.7470631,-17.4448012,5.4
564627429,14.7028868,-17.4558481,5.4
564631564,14.7057094,-17.4515995,5.4
565574449,14.7167728,-17.4374515,5.4
569663689,14.7244485,-17.4510871,5.4
593787165,14.7103504,-17.4642443,5.4
593790884,14.7043033,-17.4693727,5.4
823731767,14.7139251,-17.4616546,5.4
1182615397,14.7504053,-17.4612708,5.4
1182995391,14.7143311,-17.454,5.4
1500279009,14.7486668,-17.4434406,5.4
1500285956,14.7440289,-17.44402,5.4
1596282879,14.7507277,-17.4681091,5.4
1596282884,14.746595,-17.4671778,5.4
1596282886,14.7518743,-17.4662983,5.4
1644374504,14.7359076,-17.4521426,5.4
1669543692,14.7445773,-17.4556088,5.4
1761301055,14.7154074,-17.4582733,5.4
1766472721,14.730413,-17.4701189,5.4
1766488843,14.7282782,-17.469336,5.4
1766488844,14.7285679,-17.469168,5.4
1769300539,14.7035876,-17.4714693,5.4
1788615778,14.7035749,-17.4701327,5.4
1788615838,14.707233,-17.4712003,5.4
1800646751,14.7142872,-17.46555,5.4
1800646846,14.7283046,-17.4567803,5.4
1800646861,14.7344842,-17.4563183,5.4
1800646875,14.7413521,-17.4426423,5.4
1868741383,14.7163954,-17.4668451,5.4
1930397946,14.6986752,-17.4470832,5.4
2039879026,14.6975186,-17.4591003,5.4
2049402057,14.7370554,-17.465022,5.4
2051411873,14.7064608,-17.4574067,5.4
2051411910,14.7089995,-17.4580207,5.4
2051504055,14.708703,-17.4584885,5.4
2051524922,14.7078622,-17.4592357,5.4
2051524924,14.7083791,-17.4587781,5.4
2068527976,14.7098766,-17.4541723,5.4
2068527988,14.7120362,-17.454554,5.4
2068553099,14.7282044,-17.452579,5.4
2072962767,14.7076736,-17.4555623,5.4
2076272667,14.7049358,-17.459745,5.4
2086696026,14.7123732,-17.4642384,5.4
2086696033,14.7128627,-17.464298,5.4
2115182797,14.7524994,-17.4595827,5.4
2115182800,14.7516658,-17.4599263,5.4
2125580490,14.7106314,-17.4566259,5.4
2125580491,14.7109856,-17.4564863,5.4
2125580492,14.7111239,-17.4563078,5.4
2125580496,14.7108018,-17.4565584,5.4
2125580499,14.7108173,-17.4564417,5.4
2126388505,14.7062539,-17.4542839,5.4
2129225138,14.7197716,-17.4705476,5.4
2129225154,14.7164635,-17.4701179,5.4
2136289683,14.7023739,-17.4524544,5.4
2138804620,14.7042488,-17.4577238,5.4
2138804621,14.7018343,-17.4553768,5.4
2138804622,14.7039222,-17.4538222,5.4
2138807302,14.7045359,-17.4579587,5.4
2138807303,14.7046894,-17.4578284,5.4
2138808234,14.7051018,-17.4621694,5.4
2138808235,14.7067772,-17.4603422,5.4
2138868492,14.6999497,-17.4688692,5.4
2138868495,14.7022954,-17.4680126,5.4
2138868499,14.7072104,-17.4678379,5.4
2138868501,14.7081211,-17.4702565,5.4
2138885159,14.7176756,-17.4562892,5.4
2138885163,14.7308851,-17.4577891,5.4
2138885165,14.7315515,-17.4566087,5.4
2138885166,14.7142664,-17.4552762,5.4
2138885167,14.7255508,-17.4612547,5.4
2138889065,14.7143884,-17.4548675,5.4
2138889069,14.7176459,-17.4561324,5.4
2164098866,14.6996751,-17.4505276,5.4
2179686965,14.7408728,-17.4564357,5.4
2179686974,14.741523,-17.4563094,5.4
2187069234,14.7075925,-17.4594832,5.4
2188340365,14.7046683,-17.4555618,5.4
2188641471,14.7062832,-17.4589685,5.4
2189864054,14.7051957,-17.4487388,5.4
2201380797,14.7418863,-17.4567898,5.4
2201385971,14.7131948,-17.4545024,5.4
2249402014,14.7158586,-17.4662312,5.4
2265813209,14.7047509,-17.4576657,5.4
2265839320,14.7115616,-17.455937,5.4
2265852200,14.7119002,-17.4555181,5.4
2265854283,14.7091395,-17.4535408,5.4
2265855475,14.7087406,-17.453431,5.4
2265865984,14.7076919,-17.4530572,5.4
2265882587,14.7126429,-17.4548241,5.4
2265885659,14.7122014,-17.4545734,5.4
2265895003,14.7112521,-17.4542666,5.4
2355894019,14.7036104,-17.4629833,5.4
2399920473,14.7517129,-17.4365709,5.4
2435184475,14.738253,-17.448659,5.4
2435187319,14.7428391,-17.4439544,5.4
2439243486,14.7522263,-17.4668599,5.4
2442934615,14.74739,-17.465517,5.4
2444467993,14.7140648,-17.4710429,5.4
2444469244,14.7129954,-17.4711586,5.4
2444480471,14.7180205,-17.4668815,5.4
2444492989,14.7191255,-17.4621504,5.4
2444515875,14.7233644,-17.4716803,5.4
2444516200,14.7271933,-17.4714336,5.4
2444517958,14.7277926,-17.4716049,5.4
2444520115,14.7278437,-17.4716139,5.4
2444525761,14.6997748,-17.4697177,5.4
2444529894,14.7010347,-17.4712206,5.4
2445835954,14.746456,-17.4675112,5.4
2446017690,14.7507101,-17.4401565,5.4
2446026466,14.7510252,-17.4389116,5.4
2446038958,14.7514519,-17.4370881,5.4
2446043936,14.7516439,-17.436734,5.4
2446083068,14.752573,-17.4359712,5.4
2447052262,14.7035374,-17.4715275,5.4
2447100364,14.7125769,-17.4556357,5.4
2447104249,14.712961,-17.45542,5.4
2447104250,14.7142227,-17.4553096,5.4
2447109686,14.7212195,-17.4480785,5.4
2447109687,14.7207837,-17.4483789,5.4
2447114626,14.7230422,-17.457759,5.4
2447165988,14.7148081,-17.4657284,5.4
2447166864,14.7151038,-17.4657686,5.4
2447174858,14.7204297,-17.4619358,5.4
2447184796,14.7196556,-17.4646288,5.4
2447189212,14.7177663,-17.4676711,5.4
2448013981,14.705878,-17.4449543,5.4
2448014846,14.7060551,-17.4449465,5.4
2448025703,14.7189013,-17.449166,5.4
2448196132,14.7323085,-17.4564581,5.4
2448201743,14.7343603,-17.4560424,5.4
2448204485,14.7361165,-17.4554282,5.4
2448207281,14.7362721,-17.4553075,5.4
2448209582,14.7425391,-17.4500798,5.4
2448218104,14.7506922,-17.4393155,5.4
2448226544,14.7503862,-17.4402918,5.4
2448227342,14.7506404,-17.4403454,5.4
2448227960,14.7417545,-17.4457193,5.4
2448228279,14.7423569,-17.4455253,5.4
2448228995,14.7478289,-17.46837,5.4
2448229137,14.7421514,-17.4459178,5.4
2448234914,14.7493872,-17.4700098,5.4
2448236192,14.742257,-17.449701,5.4
2448237749,14.7422207,-17.4496205,5.4
2448242014,14.7384543,-17.4483921,5.4
2448244829,14.7386359,-17.4481078,5.4
2448249720,14.7428069,-17.4447765,5.4
2448254129,14.7446908,-17.4437881,5.4
2448271002,14.7324052,-17.4598458,5.4
2448272147,14.7325505,-17.460452,5.4
2452764716,14.6978845,-17.4576289,5.4
2452933828,14.6984256,-17.4377569,5.4
2452935039,14.6985812,-17.4378776,5.4
2452936971,14.6987058,-17.4380332,5.4
2452939044,14.6988173,-17.4381325,5.4
2452941262,14.6997332,-17.4392939,5.4
2452944299,14.7014559,-17.440635,5.4
2452950597,14.6974757,-17.4364758,5.4
2452953873,14.6973878,-17.4363676,5.4
2509228780,14.7108243,-17.4564841,5.4
2509230176,14.7124736,-17.4547466,5.4
2522379493,14.7505835,-17.4502942,5.4
2553975092,14.7146316,-17.4659123,5.4
2553975093,14.7135435,-17.465335,5.4
2555954643,14.7140348,-17.4655075,5.4
2555954739,14.7133003,-17.4613128,5.4
2557109455,14.7134305,-17.4584029,5.4
2557109516,14.7133048,-17.4582764,5.4
2557109546,14.7115605,-17.4575083,5.4
2568648144,14.7095251,-17.4623778,5.4
2568648212,14.7096332,-17.4625029,5.4
2568648324,14.7097001,-17.4625468,5.4
2568648587,14.7106328,-17.4626225,5.4
2573623474,14.7178783,-17.4659794,5.4
2573623475,14.7179379,-17.465974,5.4
2583746767,14.7108167,-17.4629827,5.4
2612251625,14.7039661,-17.4705625,5.4
2612336055,14.7039576,-17.4702494,5.4
2630106118,14.6976803,-17.4433938,5.4
2630106159,14.6988879,-17.444165,5.4
2630106177,14.6979414,-17.4446063,5.4
2630560181,14.6975772,-17.4433498,5.4
2630560183,14.6994768,-17.4437442,5.4
2630560278,14.6986786,-17.4433432,5.4
2639685470,14.6977057,-17.4443348,5.4
2639685526,14.6996188,-17.4441197,5.4
2641966145,14.7076585,-17.4611046,5.4
2642072251,14.6979155,-17.4447275,5.4
2642072252,14.6979089,-17.4446532,5.4
2642072253,14.6979011,-17.4446916,5.4
2642072254,14.6995797,-17.4441475,5.4
2655851765,14.7205463,-17.4683399,5.4
2661190975,14.713596,-17.461446,5.4
2734453786,14.7247621,-17.4393052,5.4
2798353190,14.7048074,-17.4539353,5.4
2798354856,14.7040238,-17.4535026,5.4
2798363303,14.7083378,-17.4573249,5.4
2798364366,14.7036288,-17.4549142,5.4
2798364367,14.7043127,-17.4554798,5.4
2798368014,14.706548,-17.4560237,5.4
2798376933,14.7080024,-17.4551264,5.4
2798670113,14.7086635,-17.4551282,5.4
2798671790,14.7068328,-17.4540629,5.4
2833353761,14.7053646,-17.4572401,5.4
2833390251,14.7055002,-17.457294,5.4
2833405001,14.7043008,-17.4536397,5.4
2833429913,14.7094231,-17.4557431,5.4
2833438992,14.7091809,-17.4562169,5.4
2833439731,14.7086847,-17.4555765,5.4
2833445394,14.7086305,-17.4555317,5.4
2833508543,14.7069108,-17.4580774,5.4
2833510606,14.7071557,-17.4582289,5.4
2833555706,14.7058297,-17.4568074,5.4
2833864308,14.7020092,-17.4561138,5.4
2837099993,14.7171683,-17.4671251,5.4
2837100002,14.712607,-17.4683884,5.4
2837102452,14.7224209,-17.4654836,5.4
2837102460,14.7232705,-17.4649378,5.4
2838027169,14.7053313,-17.4539018,5.4
2841066650,14.7228425,-17.4651643,5.4
2842086007,14.703795,-17.4532007,5.4
2874568403,14.7112765,-17.4542426,5.4
2940618540,14.7280035,-17.4706608,5.4
2940618541,14.7269088,-17.4712562,5.4
2940634556,14.7272809,-17.4703965,5.4
2987470513,14.7048808,-17.4576831,5.4
3118291792,14.7466869,-17.4669977,5.4
3118291807,14.747657,-17.465037,5.4
3141651198,14.7027287,-17.4538528,5.4
3143599084,14.7043649,-17.4520428,5.4
3154510304,14.7052302,-17.4535713,5.4
3164256477,14.7157038,-17.4662116,5.4
3164258889,14.7123587,-17.464667,5.4
3164259817,14.7144872,-17.4658586,5.4
3195358339,14.7075828,-17.4594917,5.4
3215501325,14.7072057,-17.4597965,5.4
3217265596,14.7079606,-17.459132,5.4
3217265604,14.7074521,-17.4596045,5.4
3217265623,14.7077389,-17.4593547,5.4
3217273066,14.7086128,-17.4581755,5.4
3217273071,14.707303,-17.4593366,5.4
3217273072,14.7073432,-17.4593015,5.4
3222086261,14.7083198,-17.4573413,5.4
3232880165,14.7080635,-17.4555713,5.4
3242397581,14.7070473,-17.456321,5.4
3265504129,14.7015982,-17.45262,5.4
3274401565,14.701833,-17.4552198,5.4
3274401566,14.7015009,-17.4549505,5.4
3274401567,14.7016018,-17.45505,5.4
3274401568,14.7016629,-17.4550973,5.4
3274401569,14.7017532,-17.4551604,5.4
3289862839,14.730473,-17.4605906,5.4
3300170056,14.707351,-17.4559629,5.4
3300181463,14.7074268,-17.4557523,5.4
3300181464,14.7074441,-17.4557117,5.4
3300183556,14.7074912,-17.4555942,5.4
3300183557,14.7075125,-17.455533,5.4
3300183558,14.707531,-17.4554889,5.4
3300183559,14.7075514,-17.4554227,5.4
3300183560,14.7075785,-17.4553485,5.4
3300183961,14.7076047,-17.4553023,5.4
3300183963,14.70766,-17.4551368,5.4
3300193161,14.7075531,-17.4549811,5.4
3300193532,14.7072311,-17.4552011,5.4
3300200491,14.7070674,-17.4556972,5.4
3300215038,14.70679,-17.4560091,5.4
3300215045,14.7071096,-17.4553722,5.4
3300231622,14.7071518,-17.4552625,5.4
3300231624,14.7071954,-17.455098,5.4
3300231625,14.7072124,-17.4550388,5.4
3300231626,14.7072279,-17.4549956,5.4
3300255887,14.7070902,-17.4547891,5.4
3314108364,14.7048072,-17.4543779,5.4
3314171768,14.7048044,-17.4540424,5.4
3314190143,14.7047768,-17.4541816,5.4
3314190144,14.7047975,-17.4541155,5.4
3314224840,14.7043608,-17.4543869,5.4
3321202673,14.6983732,-17.4674238,5.4
3321205731,14.6990144,-17.4634745,5.4
3322970543,14.7114665,-17.4548714,5.4
3322987058,14.7112539,-17.4544782,5.4
3322988017,14.7111986,-17.4547163,5.4
3322988018,14.7110236,-17.4551735,5.4
3322988019,14.7111053,-17.4549485,5.4
3322988021,14.7111652,-17.4547937,5.4
3328237428,14.7012622,-17.4527651,5.4
3331855765,14.7057398,-17.4514939,5.4
3337642496,14.6984951,-17.4647856,5.4
3344478069,14.7058373,-17.4519181,5.4
3345465671,14.6993362,-17.448622,5.4
3345469431,14.6994852,-17.4498995,5.4
3346319774,14.7187348,-17.4495192,5.4
3352611737,14.6991549,-17.4640389,5.4
3355117047,14.7185457,-17.4481104,5.4
3355117049,14.7177277,-17.4488597,5.4
3376503282,14.7095734,-17.449127,5.4
3376503283,14.7120755,-17.449655,5.4
3376503286,14.7095594,-17.4494469,5.4
3376503289,14.709707,-17.4494451,5.4
3376509268,14.7109308,-17.4491811,5.4
3376530541,14.7100526,-17.4475368,5.4
3376530984,14.7147738,-17.4493514,5.4
3376537760,14.7100688,-17.4476156,5.4
3376538539,14.7100455,-17.4483705,5.4
3376539115,14.7100127,-17.4484075,5.4
3376548392,14.7102111,-17.4475631,5.4
3376554106,14.7100758,-17.4479421,5.4
3376566192,14.7101396,-17.4487416,5.4
3376566636,14.7101975,-17.4479363,5.4
3376566652,14.7103239,-17.4475809,5.4
3376569013,14.7101157,-17.4483988,5.4
3376569305,14.7102951,-17.4479286,5.4
3376569456,14.7102366,-17.4479805,5.4
3376578293,14.7100545,-17.4483779,5.4
3376579506,14.7103452,-17.4475977,5.4
3376579576,14.7102383,-17.4483737,5.4
3376588984,14.7102904,-17.4484097,5.4
3376589719,14.7101898,-17.4484079,5.4
3376591820,14.7111209,-17.447536,5.4
3376595694,14.7103652,-17.4484168,5.4
3376599141,14.7102736,-17.4483883,5.4
3376599299,14.7115248,-17.4474897,5.4
3376610974,14.711374,-17.4487799,5.4
3376612086,14.7131512,-17.4473856,5.4
3376618394,14.7112223,-17.4487742,5.4
3376624913,14.7104312,-17.4483989,5.4
3376641848,14.7116162,-17.447537,5.4
3376660142,14.7103385,-17.4483987,5.4
3376670755,14.7105888,-17.4483627,5.4
3376672239,14.7105146,-17.4483524,5.4
3376685604,14.7117789,-17.4475524,5.4
3376685802,14.7104189,-17.448379,5.4
3376685812,14.7124123,-17.4474527,5.4
3376687892,14.7137118,-17.4473919,5.4
3376688161,14.7118976,-17.4474866,5.4
3376688162,14.7107067,-17.4483636,5.4
3376690302,14.7105084,-17.4483667,5.4
3376695366,14.7141023,-17.4473438,5.4
3376695965,14.7108194,-17.4483696,5.4
3376696717,14.7123503,-17.4474545,5.4
3376696718,14.7097959,-17.4476639,5.4
3376705859,14.7124443,-17.4488088,5.4
3376711997,14.7097374,-17.4476354,5.4
3385222654,14.7120708,-17.448805,5.4
3385231334,14.7121541,-17.4487839,5.4
3388355173,14.7111138,-17.4483753,5.4
3388355174,14.7111298,-17.4484147,5.4
3388355175,14.7110365,-17.4483641,5.4
3388386601,14.7108165,-17.4484015,5.4
3388386602,14.7110272,-17.4483718,5.4
3388386603,14.7109401,-17.4483727,5.4
3388386604,14.71084,-17.4483934,5.4
3388386605,14.7109601,-17.4484231,5.4
3388386606,14.7109358,-17.4484177,5.4
3388386608,14.7107547,-17.4484087,5.4
3394424902,14.7045057,-17.4628923,5.4
3394424903,14.7020786,-17.4644556,5.4
3394424905,14.6984721,-17.4601675,5.4
3394424910,14.6978127,-17.4653146,5.4
3394424912,14.6997626,-17.4702525,5.4
3394424913,14.7011098,-17.4712903,5.4
3423570734,14.7474854,-17.4446387,5.4
3423570736,14.7498098,-17.4425367,5.4
3423572599,14.7505492,-17.4406554,5.4
3423673757,14.7075552,-17.4681172,5.4
3423686148,14.7048796,-17.4651738,5.4
3426893184,14.7219037,-17.4520121,5.4
3431410876,14.7046918,-17.4509727,5.4
3453865040,14.7359306,-17.4456699,5.4
3453916958,14.7171531,-17.4604346,5.4
3453916962,14.7159285,-17.4600837,5.4
3453917632,14.7175052,-17.4611657,5.4
3453917663,14.7169912,-17.45974,5.4
3454062520,14.7468137,-17.4675898,5.4
3454109869,14.7448363,-17.4695488,5.4
3463516803,14.7106469,-17.4698276,5.4
3463516804,14.7104002,-17.4699592,5.4
3467543625,14.7175999,-17.4557971,5.4
3482272582,14.7005344,-17.4705965,5.4
3525591217,14.7171384,-17.4635852,5.4
3525591222,14.7161623,-17.4629428,5.4
3525591224,14.7180845,-17.4658882,5.4
3525591226,14.7177167,-17.464835,5.4
3563605293,14.7442216,-17.4700956,5.4
3563605297,14.7479859,-17.4685165,5.4
3563605369,14.7442912,-17.4699917,5.4
3576884795,14.7441204,-17.4701403,5.4
3576884797,14.7446042,-17.4698097,5.4
3578753468,14.7180134,-17.4645714,5.4
3580264993,14.7135701,-17.4606542,5.4
3580265067,14.7165176,-17.4573549,5.4
3580906790,14.7463726,-17.4676628,5.4
3580953158,14.6983995,-17.4506713,5.4
3583993353,14.7428224,-17.4711842,5.4
3583993354,14.7448729,-17.4696332,5.4
3583993355,14.7474497,-17.4700565,5.4
3583993360,14.7451213,-17.4692007,5.4
3584117819,14.7466144,-17.4675577,5.4
3584117823,14.7462672,-17.4678249,5.4
3594972711,14.7055053,-17.4618768,5.4
3594972712,14.7070037,-17.4604696,5.4
3594972713,14.7069445,-17.4605255,5.4
3594972714,14.707106,-17.4603769,5.4
3594972715,14.7070384,-17.460446,5.4
3594972716,14.7053855,-17.4628543,5.4
3594972718,14.7051648,-17.4625085,5.4
3620202417,14.699913,-17.4474303,5.4
3621964801,14.7386545,-17.4674566,5.4
3679534142,14.7381344,-17.4664815,5.4
3742560928,14.7427063,-17.4486312,5.4
3742560931,14.7428074,-17.4488618,5.4
3887283796,14.7028086,-17.4622369,5.4
3894101287,14.7331689,-17.4653298,5.4
3900564407,14.7090202,-17.4581956,5.4
3967253957,14.7159671,-17.470869,5.4
4020638991,14.739253,-17.4653836,5.4
4020639023,14.7411385,-17.4704371,5.4
4020680289,14.7394481,-17.465242,5.4
4021722789,14.7329127,-17.4608126,5.4
4021722893,14.733447,-17.4606565,5.4
4039215790,14.7485897,-17.4532422,5.4
4039215791,14.7446589,-17.4563701,5.4
4039215889,14.7446056,-17.4576957,5.4
4039215890,14.7422411,-17.4647748,5.4
4039215892,14.7446391,-17.4561975,5.4
4039215989,14.7433972,-17.4588689,5.4
4048113424,14.7225221,-17.4520235,5.4
4075352076,14.7357136,-17.4377496,5.4
4075391728,14.7205506,-17.4355272,5.4
4075431905,14.6978676,-17.4380551,5.4
4076032211,14.7267488,-17.4520711,5.4
4076032212,14.7254803,-17.4452195,5.4
4076032214,14.7261684,-17.4502286,5.4
4076047641,14.7181018,-17.4507182,5.4
4076047642,14.7167646,-17.4556399,5.4
4076047643,14.7185464,-17.4538458,5.4
4076050079,14.7246579,-17.4569376,5.4
4076056882,14.7223718,-17.4519244,5.4
4076056956,14.7217079,-17.4476253,5.4
4076389789,14.7212547,-17.4626982,5.4
4076411083,14.7186146,-17.4574067,5.4
4076417845,14.7223069,-17.4584213,5.4
4076423954,14.7131134,-17.4554095,5.4
4076442713,14.7368772,-17.46469,5.4
4076447427,14.7394466,-17.4688312,5.4
4076457154,14.7301899,-17.4704455,5.4
4076458078,14.7122266,-17.4516659,5.4
4076458079,14.7088945,-17.4517842,5.4
4076458080,14.7048544,-17.4497044,5.4
4076458081,14.7053502,-17.4517671,5.4
4076458082,14.7106801,-17.446756,5.4
4076458083,14.7050767,-17.4472187,5.4
4076458084,14.7144117,-17.4530608,5.4
4076458085,14.7074381,-17.446978,5.4
4076458086,14.7095534,-17.4531858,5.4
4076458087,14.7166556,-17.4471802,5.4
4076469840,14.7294289,-17.4676922,5.4
4076473601,14.7294275,-17.4624414,5.4
4076480394,14.7258654,-17.469275,5.4
4076504016,14.7286827,-17.4599989,5.4
4076515468,14.724727,-17.4635149,5.4
4076523027,14.7313532,-17.458948,5.4
4076540409,14.698965,-17.4643692,5.4
4076543516,14.711844,-17.443229,5.4
4076543517,14.7137574,-17.449594,5.4
4076543518,14.7094409,-17.4495187,5.4
4076543519,14.7082584,-17.4423633,5.4
4076543520,14.7182716,-17.4426688,5.4
4076543521,14.7135016,-17.4460154,5.4
4076543522,14.7037505,-17.4435991,5.4
4076543524,14.7157309,-17.4442009,5.4
4076543885,14.6988854,-17.4619778,5.4
4076547248,14.7002727,-17.4598017,5.4
4076550414,14.6975013,-17.4563841,5.4
4076552222,14.7024416,-17.456383,5.4
4076555897,14.7041881,-17.4604208,5.4
4076556633,14.7036965,-17.4678944,5.4
4076559156,14.7053712,-17.4697253,5.4
4077890543,14.7277248,-17.4566613,5.4
4083068640,14.7237156,-17.4487575,5.4
4083357094,14.7064981,-17.4449191,5.4
4103901290,14.7026474,-17.4362208,5.4
4113088989,14.6977294,-17.4623992,5.4
4124512837,14.7119652,-17.4575558,5.4
4124517514,14.7111715,-17.4568649,5.4
4124517515,14.7108354,-17.4570991,5.4
4124517516,14.7101548,-17.4577036,5.4
4128467803,14.7147964,-17.4552403,5.4
4128479436,14.7168914,-17.4556123,5.4
4128479759,14.7144319,-17.4554081,5.4
4128479764,14.7190089,-17.4566694,5.4
4128480096,14.715473,-17.4551604,5.4
4128480111,14.7216687,-17.4578184,5.4
4128480492,14.7173104,-17.4558258,5.4
4128480750,14.7209841,-17.4569645,5.4
4128480754,14.7224932,-17.4577944,5.4
4128480755,14.7229585,-17.4577565,5.4
4128480989,14.7214157,-17.4571813,5.4
4128645690,14.7020623,-17.4571955,5.4
4128799191,14.7227854,-17.4579551,5.4
4128799205,14.7230182,-17.4577641,5.4
4136965615,14.7060146,-17.4666714,5.4
4149524077,14.7212065,-17.4704589,5.4
4165381193,14.7014518,-17.4555634,5.4
4165426300,14.7023138,-17.4571607,5.4
4165426306,14.7021116,-17.457653,5.4
4178185370,14.7400525,-17.4599416,5.4
4207083989,14.7357593,-17.4558313,5.4
4212494597,14.7100533,-17.4599497,5.4
4221286828,14.7309984,-17.4679576,5.4
4221673152,14.7393978,-17.4672699,5.4
4223632692,14.7345442,-17.440939,5.4
4227087547,14.6983097,-17.462209,5.4
4227132465,14.7259896,-17.4510485,5.4
4233521292,14.7010602,-17.4713554,5.4
4233539490,14.7300911,-17.4359021,5.4
4233935024,14.7492913,-17.4642449,5.4
4239921589,14.7268485,-17.4701777,5.4
4247004547,14.6977366,-17.4569501,5.4
4247004548,14.6973614,-17.4572519,5.4
4247004549,14.6979366,-17.467322,5.4
4247031708,14.7064414,-17.460453,5.4
4247031710,14.7057423,-17.4611352,5.4
4247031711,14.7016482,-17.4557571,5.4
4256185334,14.7005736,-17.4620202,5.4
4257063142,14.715406,-17.4704331,5.4
4259611441,14.752811,-17.4543954,5.4
4259611462,14.7524849,-17.454532,5.4
4264165692,14.7165229,-17.47078,5.4
4264371534,14.7229126,-17.4703074,5.4
4264632723,14.7281047,-17.4460492,5.4
4270104980,14.7204037,-17.4609965,5.4
4290879797,14.745187,-17.4445855,5.4
4299360090,14.7237096,-17.4611201,5.4
4302168090,14.712873,-17.4513002,5.4
4323154373,14.7392854,-17.471195,5.4
4323273419,14.7272036,-17.4431709,5.4
4337363526,14.7230277,-17.4461754,5.4
4337470062,14.7380824,-17.464675,5.4
4337498065,14.7198,-17.4499601,5.4
4337498066,14.7200435,-17.4491281,5.4
4339623526,14.7504569,-17.4641782,5.4
4339638604,14.7044367,-17.4694348,5.4
4339638605,14.7048479,-17.4695273,5.4
4339703863,14.722267,-17.4696181,5.4
4339703864,14.7230238,-17.4691755,5.4
4339928212,14.7416145,-17.4715636,5.4
4361668889,14.7226554,-17.4547854,5.4
4379702606,14.7186553,-17.4625495,5.4
4379796245,14.7200588,-17.4654725,5.4
4380487852,14.7142953,-17.4652941,5.4
4380552147,14.7265306,-17.4711776,5.4
4380701768,14.7046871,-17.4354378,5.4
4401445717,14.7397087,-17.468316,5.4
4402301088,14.739991,-17.4474089,5.4
4409805251,14.6979739,-17.4591837,5.4
4412270614,14.6986806,-17.455135,5.4
4413037946,14.7041905,-17.4355742,5.4
4413238132,14.7161959,-17.4516946,5.4
4418979709,14.7407529,-17.4591099,5.4
4419182444,14.7320414,-17.459328,5.4
4430595362,14.7288331,-17.445642,5.4
4450362191,14.7206441,-17.46824,5.4
4464839795,14.7498269,-17.4554578,5.4
4488885243,14.7269789,-17.4468394,5.4
4488885245,14.7276975,-17.4468917,5.4
4488885246,14.7264757,-17.4413248,5.4
4522764109,14.7310809,-17.450585,5.4
4522764110,14.7140302,-17.4659378,5.4
4522834294,14.7311058,-17.4506659,5.4
4528338091,14.70587,-17.4705591,5.4
4535697289,14.7123466,-17.4558658,5.4
4546834852,14.7026921,-17.4620489,5.4
4546834854,14.6976668,-17.465465,5.4
4546839801,14.7311272,-17.4354497,5.4
4546839802,14.7261255,-17.4381846,5.4
4546839905,14.7309614,-17.4355727,5.4
4546839914,14.6983023,-17.4647839,5.4
4556149089,14.7043981,-17.4705051,5.4
4560774980,14.711355,-17.4638507,5.4
4590744791,14.702204,-17.4607805,5.4
4609712289,14.7388156,-17.4661883,5.4
4616804161,14.7483585,-17.4642981,5.4
4637444834,14.7426769,-17.4528497,5.4
4637455622,14.7416128,-17.4425298,5.4
4637463317,14.7301784,-17.4542479,5.4
4637470319,14.7384196,-17.4657911,5.4
4674764895,14.7319098,-17.4528033,5.4
4674771294,14.7342077,-17.4518746,5.4
4674771296,14.7325641,-17.4521781,5.4
4674771390,14.7325263,-17.4488268,5.4
4674783594,14.7299855,-17.4526027,5.4
4674799689,14.7324178,-17.4493711,5.4
4675662934,14.6998067,-17.4594752,5.4
4682218833,14.7292182,-17.4594037,5.4
4683946459,14.73052,-17.4666836,5.4
4691106990,14.7450212,-17.4498217,5.4
4692845989,14.7289304,-17.445066,5.4
4694407389,14.7012929,-17.4585502,5.4
4701395591,14.7127173,-17.4711974,5.4
4701404889,14.7133746,-17.4712312,5.4
4705173338,14.7403662,-17.4370602,5.4
4705173339,14.7404515,-17.4366593,5.4
4708550755,14.7057295,-17.4584457,5.4
4720991592,14.7489043,-17.4681006,5.4
4733980628,14.7226832,-17.4530316,5.4
4733980629,14.7342638,-17.4520858,5.4
4733991425,14.729638,-17.4506275,5.4
4733991426,14.7249719,-17.4453817,5.4
4733995221,14.7297295,-17.4506081,5.4
4735865541,14.7315747,-17.4566965,5.4
4737924523,14.7160527,-17.470898,5.4
4780912424,14.7269134,-17.4427655,5.4
4801775308,14.7265414,-17.4453731,5.4
4806347731,14.727573,-17.4715131,5.4
4806347742,14.7274929,-17.471517,5.4
4806348972,14.7275494,-17.4715205,5.4
4808226003,14.7505942,-17.4709912,5.4
4808227679,14.7526666,-17.4694958,5.4
4808228166,14.7520316,-17.4699508,5.4
4808229508,14.7505203,-17.4710465,5.4
4808230252,14.7503011,-17.47125,5.4
4808233561,14.7483727,-17.470853,5.4
4810716423,14.7224669,-17.4530752,5.4
4816483810,14.7528706,-17.4609907,5.4
4818853021,14.7415392,-17.4510754,5.4
4819887915,14.7143553,-17.4513334,5.4
4831213888,14.6981946,-17.4493222,5.4
4837074085,14.7444471,-17.4531216,5.4
4855627080,14.7295975,-17.4502166,5.4
4855627081,14.7298678,-17.4497785,5.4
4855627082,14.7298743,-17.4498389,5.4
4855627083,14.7298899,-17.4499113,5.4
4855627084,14.7299029,-17.4499931,5.4
4868142222,14.6978901,-17.4586523,5.4
4872313750,14.7317551,-17.4358949,5.4
4872313751,14.7317785,-17.4362731,5.4
4872388675,14.7361163,-17.4368155,5.4
4872388676,14.7355093,-17.4377543,5.4
4875915521,14.7471609,-17.4678895,5.4
4907702023,14.731098,-17.446606,5.4
4907729023,14.7277754,-17.4523394,5.4
4909199691,14.7348635,-17.4462399,5.4
4921164422,14.720386,-17.470685,5.4
4927205121,14.7390094,-17.4476686,5.4
4934601375,14.7117071,-17.4511078,5.4
4940045122,14.7225066,-17.4518667,5.4
4949298159,14.7248697,-17.439323,5.4
4949700821,14.7245638,-17.4391649,5.4
4956158896,14.7279837,-17.4545205,5.4
4956709974,14.7285208,-17.455462,5.4
4956827010,14.7414793,-17.461575,5.4
4956827011,14.739572,-17.4618722,5.4
4956827012,14.7393427,-17.4655295,5.4
4956827013,14.7360273,-17.4605299,5.4
4956827014,14.7364504,-17.4560701,5.4
4956827015,14.7415233,-17.4538254,5.4
4956841238,14.74095,-17.4479778,5.4
4956841239,14.7360503,-17.4519535,5.4
4956841240,14.7333747,-17.4555082,5.4
4956870865,14.7402216,-17.4656936,5.4
4956870866,14.7375791,-17.465705,5.4
4956870867,14.737557,-17.4656452,5.4
4956870868,14.7375163,-17.4655845,5.4
4956870869,14.7364155,-17.4644538,5.4
4956870870,14.735683,-17.4631797,5.4
4956870874,14.735143,-17.461255,5.4
4956870875,14.733322,-17.4560837,5.4
4956870876,14.7383281,-17.456782,5.4
4956870877,14.7386126,-17.4570108,5.4
4956870878,14.7388339,-17.4573284,5.4
4956870879,14.7420108,-17.4510212,5.4
4956886103,14.7422505,-17.4466351,5.4
4956886104,14.7409663,-17.4513461,5.4
4956886106,14.7380458,-17.449145,5.4
4956886108,14.7331689,-17.4562111,5.4
4956886110,14.7301853,-17.4569793,5.4
4956886111,14.727724,-17.448377,5.4
4956886112,14.7317228,-17.4464113,5.4
4956886113,14.7369362,-17.4443511,5.4
4956886114,14.7420755,-17.4415325,5.4
4956886115,14.7270368,-17.4436007,5.4
4956886116,14.7317032,-17.4420786,5.4
4956981353,14.7381504,-17.4446001,5.4
4956981354,14.7378287,-17.4483805,5.4
4956981357,14.7350348,-17.4420853,5.4
4956981358,14.7318474,-17.4464113,5.4
4956981359,14.7280961,-17.4428303,5.4
4956981360,14.7313496,-17.4491854,5.4
4956981361,14.7295539,-17.4520567,5.4
4956981362,14.7305861,-17.456432,5.4
4956981363,14.732589,-17.4505303,5.4
4957018983,14.7409957,-17.4494155,5.4
4957018984,14.7406283,-17.450794,5.4
4957018985,14.7396408,-17.4500634,5.4
4957018986,14.7398932,-17.4520475,5.4
4957018987,14.7396516,-17.4531166,5.4
4957018988,14.7379077,-17.4513214,5.4
4957018989,14.7373815,-17.4532304,5.4
4957018990,14.7365922,-17.452476,5.4
4957018991,14.7357509,-17.453599,5.4
4957043347,14.7386915,-17.4414635,5.4
4957043349,14.7288048,-17.4445984,5.4
4957043350,14.7277028,-17.4460752,5.4
4957043354,14.7351688,-17.4420897,5.4
4957043355,14.7357154,-17.4457265,5.4
4957047699,14.7407716,-17.4637323,5.4
4957047700,14.7437965,-17.4674915,5.4
4957047701,14.7377826,-17.471508,5.4
4957047702,14.7300623,-17.4586899,5.4
4957047703,14.7383269,-17.4575628,5.4
4957047704,14.7371084,-17.456448,5.4
4957047705,14.7391741,-17.4553849,5.4
4957047706,14.7430663,-17.4501408,5.4
4957047707,14.7412702,-17.4436712,5.4
4957047708,14.7407219,-17.4431567,5.4
4957047709,14.7414322,-17.4453943,5.4
4957047710,14.7397495,-17.442918,5.4
